Text Trump To 88022 | RT @zeusFanHouse: Fashion Notes: #Melania #Trump ğŸ‘  chose a standout python #SalvatoreFerragamo skirt for the Ecuadorian Pres visit, pairingâ€¦ | 2020-02-14 08:26:30 | 0 | Twitter for Android
PyCon CZ | Do you have any experience with some #Python #web #frameworks? Share your thoughts and submit a talk atâ€¦ https://t.co/5rS8OpHJGj | 2020-02-14 08:27:00 | 0 | TweetDeck
Tamir Huberman | RT @Deep_In_Depth: BabbleLabs Clear Edge for Rooms https://t.co/CxaQLBlz5S #DeepLearning #NeuralNetworks  #ArtificialIntelligence #MachineLâ€¦ | 2020-02-14 08:27:07 | 0 | TwinyBots
Web Terms Botnet in Python | RT @KitPloit: Pytm - A Pythonic Framework For Threat Modeling https://t.co/rLAgA8iBVw #DataFlowDiagram #Fuzzer #Hijacking #JavaScript #JSONâ€¦ | 2020-02-14 08:27:08 | 0 | RetweetLikeBot
Segun | Still had no idea why something wasnâ€™t working in the first place. 

I think Iâ€™m too stupid to be writing JavaScripâ€¦ https://t.co/TnYyeuDln4 | 2020-02-14 08:27:11 | 0 | Twitter for iPhone
Jean T. Erickson | Author:  Lilly  Trinity

Original Title: Python Machine Learning

ISBN: B083G6HNF6

Format: PDF, ePub, Mobi, TXT, fâ€¦ https://t.co/trjWHbLvWL | 2020-02-14 08:27:14 | 0 | Twitter Web App
Girls4STEM | RT @vocalyre: Could you help me find a job? ğŸ˜Š
ğŸ“Š Data Scientist
ğŸ¤– Computer Vision
ğŸ Python â• Matlab
ğŸ‘¶ Junior

Wish to find
ğŸ“ Madrid
ğŸ“š Trainiâ€¦ | 2020-02-14 08:27:23 | 0 | Twitter for Android
DAI Builds - Digital Agency | RT @rmpnegrinho: I wrote a TikZ transpiler in Python to generate TikZ code easily. See here:â€¦ https://t.co/qRcuonSsnS | 2020-02-14 08:28:04 | 0 | IFTTT
Pawan Yaddanapudi | #orskl are there any new updates? | 2020-02-14 08:28:04 | 0 | Twitter Web App
Basto.digital ğŸ’» | @fasthm00 @garethheyes #Hackvertor also supports python scripting as well as inline declaration of variables - whicâ€¦ https://t.co/S6CqNtHB97 | 2020-02-14 08:28:07 | 0 | Twitter for iPhone
Efo Kpeglo | @AwuahAmankwah should I listen to him? | 2020-02-14 08:28:18 | 0 | Twitter Web App
Efo Kpeglo | RT @EyramAkaba: Python ğŸ go fit you but java rules ğŸ˜ğŸ˜ğŸ˜ https://t.co/DY8LaGVrP5 | 2020-02-14 08:28:26 | 0 | Twitter Web App
GeoDev Germany | RT @GIS_Bandit: In 1 week, @EsriTraining webinar: '#Python Libraries for #Spatial #Data #Science' https://t.co/MghQRS407r w/ @sbkalisky &amp; @â€¦ | 2020-02-14 08:28:43 | 0 | Twitter Web App
